{
  "Routes": [
    //Catalog API
    {
      "DownstreamPathTemplate": "/api/v1/Catalog",
      "DownstreamScheme": "https",
      "DownstreamHostAndPorts": [
        {
          "Host": "localhost",
          "Port": "7120"
        }
      ],
      "UpstreamPathTemplate": "/Catalog",
      "UpstreamHttpMethod": [ "GET", "POST", "PUT" ],
      "FileCacheOptions": { "TtlSeconds": 30 }
    },
    {
      "DownstreamPathTemplate": "/api/v1/Catalog/{id}",
      "DownstreamScheme": "https",
      "DownstreamHostAndPorts": [
        {
          "Host": "localhost",
          "Port": "7120"
        }
      ],
      "UpstreamPathTemplate": "/Catalog/{id}",
      "UpstreamHttpMethod": [ "GET", "DELETE" ]
    },
    {
      "DownstreamPathTemplate": "/api/v1/Catalog/GetProductByCategory/{category}",
      "DownstreamScheme": "https",
      "DownstreamHostAndPorts": [
        {
          "Host": "localhost",
          "Port": "7120"
        }
      ],
      "UpstreamPathTemplate": "/Catalog/GetProductByCategory/{category}",
      "UpstreamHttpMethod": [ "GET" ]
    },
    //Discount API
    {
      "DownstreamPathTemplate": "/api/v1/Discount/{productName}",
      "DownstreamScheme": "https",
      "DownstreamHostAndPorts": [
        {
          "Host": "localhost",
          "Port": "7288"
        }
      ],
      "UpstreamPathTemplate": "/Discount/{productName}",
      "UpstreamHttpMethod": [ "GET", "DELETE" ]
    },
    {
      "DownstreamPathTemplate": "/api/v1/Discount",
      "DownstreamScheme": "https",
      "DownstreamHostAndPorts": [
        {
          "Host": "localhost",
          "Port": "7288"
        }
      ],
      "UpstreamPathTemplate": "/Discount",
      "UpstreamHttpMethod": [ "PUT", "POST" ]
    },
    //Basket API
    {
      "DownstreamPathTemplate": "/api/v1/Basket/{userName}",
      "DownstreamScheme": "https",
      "DownstreamHostAndPorts": [
        {
          "Host": "localhost",
          "Port": "7264"
        }
      ],
      "UpstreamPathTemplate": "/Basket/{userName}",
      "UpstreamHttpMethod": [ "GET", "DELETE" ]
    },
    {
      "DownstreamPathTemplate": "/api/v1/Basket",
      "DownstreamScheme": "https",
      "DownstreamHostAndPorts": [
        {
          "Host": "localhost",
          "Port": "7264"
        }
      ],
      "UpstreamPathTemplate": "/Basket",
      "UpstreamHttpMethod": [ "POST" ]
    },
    {
      "DownstreamPathTemplate": "/api/v1/Basket/Checkout",
      "DownstreamScheme": "https",
      "DownstreamHostAndPorts": [
        {
          "Host": "localhost",
          "Port": "7264"
        }
      ],
      "UpstreamPathTemplate": "/Basket/Checkout",
      "UpstreamHttpMethod": [ "POST" ]

    }, //Order API
    {
      "DownstreamPathTemplate": "/api/v1/Order/{userName}",
      "DownstreamScheme": "https",
      "DownstreamHostAndPorts": [
        {
          "Host": "localhost",
          "Port": "7194"
        }
      ],
      "UpstreamPathTemplate": "/Order/{userName}",
      "UpstreamHttpMethod": [ "GET" ],
      "AuthenticationOptions": {
        "AuthenticationProviderKey": "IdentityApiKey",
        "AllowedScopes": []
      }
    }
  ],
  "GlobalConfiguration": {
    "BaseUrl": "https://localhost:7072"
  }
}
